AcresBurned,lat,long
257314,37.857,-120.086
30274,34.585595,-118.423176
27531,33.7095,-116.72885
27440,39.12,-120.65
22992,37.279,-119.318
20292,33.86157,-116.90427
14754,41.32,-123.176
12503,41.035,-123.488
11429,40.04263,-121.85397
8073,40.498332,-122.535496
7055,32.95435,-116.47381
6965,40.190062,-121.595555
4346,34.7861,-118.9411
4346,34.7861,-118.9411
3505,38.8167,-122.8498
3166,34.288877,-116.941311
3111,37.90757,-121.882582
2781,33.12111,-116.52579
2462,39.446268,-121.38236
2236,33.341,-117.3092
2060,36.208,-118.444
1984,34.55048,-119.82429
1708,37.58202,-119.91071
1383,33.62236,-117.40288
1271,33.04458,-116.5209
1070,38.25108,-120.02778
794,35.707,-118.588
712,34.882,-118.9194
712,34.49149,-118.610044
612,34.90327,-118.93388
572,38.774,-120.298
534,34.071556,-117.048397
513,40.00842,-120.764666
510,33.894055,-116.855019
502,41.2415,-121.035
500,35.15832,-120.05131
492,37.96866,-121.91453
482,37.015575,-119.78106
413,34.302,-117.598
406,36.602575,-118.01651
376,38.628,-122.289
354,37.160346,-120.937494
305,39.439,-121.497
303,38.04993,-120.90325
298,39.434183,-121.576804
274,39.90465,-121.74367
274,37.116295,-119.635004
268,34.149,-117.908
263,32.710918,-116.746023
243,34.35,-117.62
240,37.775057,-121.737213
237,38.729297,-121.380862
217,39.514139,-122.560862
200,34.2,-117.417
200,40.012398,-122.079871
196,40.5445,-121.3754
195,39.961309,-122.330879
190,38.382,-122.311
170,34.611824,-120.074655
163,38.67479,-122.08725
163,38.63987,-121.08438
163,38.63987,-121.08438
159,38.34599,-122.6503
158,38.17693,-122.51253
150,33.990128,-117.164997
150,37.436,-121.1955
150,36.7218,-119.2248
149,34.419284,-118.58688
134,36.258,-118.459
125,38.638828,-122.655616
124,38.08744,-122.13802
124,37.03776,-121.006939
124,33.963591,-117.187934
120,38.882214,-122.567525
116,38.682378,-120.839075
110,34.287,-117.451
108,36.772425,-119.628389
105,36.1531,-120.8973
100,37.91529,-120.33313
100,32.564465,-116.900368
98,38.9252,-122.966
97,41.73325,-120.375
97,33.642,-116.706
97,40.88886,-120.958126
96,38.27783,-120.966016
94,35.4393,-120.8358
92,39.6612,-121.50354
91,37.1927,-119.7917
90,33.9582,-116.6534
85,35.62743,-120.83417
82,39.0442,-123.1478
80,39.731878,-121.713938
75,34.316,-117.352
75,37.169379,-119.75636
75,34.1834,-117.4408
75,38.441792,-122.350844
73,34.003151,-117.106075
73,39.206,-121.31634
70,39.013682,-122.491894
68,41.569,-120.959
64,34.384,-119.13249
60,38.838,-116.61
60,33.91027,-116.99895
52,39.333401,-121.107022
51,35.457978,-120.751555
50,39.0448,-122.7656
50,41.923323,-122.578393
50,37.1438,-121.7804
50,37.7393,-121.5869
50,35.5123,-120.6368
46,38.06231,-120.45233
46,37.03087,-119.463757
45,38.980846,-123.067671
43,40.373,-122.7338
42,33.96936,-117.1265
41,37.667295,-122.427285
40,37.342186,-121.717706
40,33.7655,-117.6649
40,33.570291,-116.10815
40,33.9634,-117.2508
40,34.001745,-117.302057
40,33.655638,-116.161201
38,38.89555,-120.84716
38,39.1591,-122.5906
38,37.74241,-121.86216
35,36.763367,-119.558244
35,35.49864,-120.91375
33,40.483662,-122.140914
31,37.965364,-120.696362
30,38.9777,-122.683
30,38.99233,-122.703193
30,34.288877,-116.941311
28,38.4229,-122.0437
28,38.4229,-122.0437
28,38.4229,-122.0437
28,38.4229,-122.0437
27,40.473356,-122.48259
25,32.612773,-116.707335
25,38.98058,-122.81796
25,33.96201,-116.907213
23,38.9289,-122.5818
15,33.94528,-117.09306
0,41.333,-123.376
0,33.99647,-116.84137
97717,38.805437,-120.629714
39736,40.901,-121.368
35302,42.048,-122.345
32416,40.72,-121.562
13153,41.1336,-121.2144
12661,40.4314,-122.750788
6488,38.512,-122.104
6258,41.141,-122.805
5503,41.682,-122.127
5367,33.3529,-117.284889
4300,38.664,-122.454
4300,38.664,-122.454
4240,38.5691,-120.7819
4240,38.5691,-120.7819
4045,35.7206,-118.4747
3895,35.70683,-118.555527
2143,34.169346,-117.547374
1995,33.1137,-117.1599
1952,34.1703,-117.8816
1680,35.642,-118.15
1651,41.89,-120.79
1548,33.003,-117.133
1469,41.489,-120.904
1457,33.417572,-117.550567
1375,40.7101,-122.171
968,33.748,-117.601
865,40.134597,-121.790183
632,34.609,-120.454
612,37.3433,-119.6581
600,33.1109,-117.279
580,40.7412,-122.946
516,41.42384,-122.37432
487,37.76617,-120.45087
400,36.6313,-121.4819
380,33.312,-117.162
333,40.884415,-123.773779
320,37.311915,-119.604124
311,37,-40.34
274,34.267,-117.867
269,37.787,-120.452
247,39.113682,-120.999508
225,40.009827,-122.345078
217,33.078948,-116.576454
210,41.134,-123.753
190,34.235,-117.771
175,39.1647,-122.5983
143,40.6569,-122.2215
130,37.7103,-120.197
125,32.81,-116.49
113,37.399,-118.352
106,36.8266,-119.3415
101,41.507,-121.266
94,38.59,-120.028
85,38.058,-120.66
84,39.3918,-120.0805
80,37.5359,-121.5118
75,40.5719,-121.3415
75,36.103,-121.117
72,39.4664,-121.6129
70,37.8316,-120.3434
57,33.5982,-116.1985
50,40.39,-122.721
48,33.93869,-117.70643
47,35.8218,-121.0226
40,36.991825,-119.525506
38,39.1871,-121.2687
30,38.608336,-120.703238
29,32.665,-116.222
27,38.695961,-122.384054
25,40,-29.24
25,36.742747,-119.241493
20,38.9195001,-120.1140659
20,32.59154,-116.89516
15,40.41,-123.24
10,37,-18.4
0,41.796,-123.374
151623,36.874,-118.905
69438,38.8863538,-122.4762475
31359,34.16027778,-116.8927778
25118,38.8142503,-122.4867319
25118,38.8142503,-122.4867319
10570,40.938,-120.105
6980,36.24,-118.54
5702,37.279722,-119.50014
4863,41.399,-121.392
4250,34.339,-117.478
2700,37.3845,-121.3732
2446,35.3477,-120.6269
2304,39.192088,-120.882313
1542,40.924,-123.168
1086,36.3699644,-121.589554
1049,33.884313,-117.642759
1042,39.5218,-121.3363
920,37.165767,-119.523943
673,55.23,-122
670,36.70854,-121.32734
543,33.5736,-116.5387
430,36.085212,-118.824235
415,34.361007,-118.535793
400,39.43963,-121.38794
275,37.08312,-121.06963
215,38.925764,-122.879272
214,33.7626,-117.7274
212,40.415108,-122.439939
204,37.823,-120.15644
200,34.367,-117.683
200,41.485,-121.851
195,37.81629,-121.68113
181,41.8048,-122.5029
171,32.9421,-116.8534
170,40.400196,-120.553075
170,39.8448,-122.3638
167,33.383889,-116.868611
158,41.295667,-123.784067
158,39.2688,-121.26471
150,38.4113,-122.0789
146,40.1058823,-124.0720419
137,40.05083333,-120.7016667
135,37.072561,-119.6958
128,40.724898,-122.96174
116,41.29226,-121.172117
114,38.052,-120.5577
112,37.83618,-120.61691
110,40.3506868,-121.7786799
109,40.47512,-122.52541
108,38.04684,-120.30188
104,39.8707,-121.8938
100,34.165974,-117.243878
95,36.5696373,-121.7556029
95,35.7183,-121.0157
90,40.49865,-122.20109
86,36.49845,-118.9009
80,32.6449163,-116.9454387
77,40.856422,-121.101623
75,40.67868,-121.93244
75,40.509552,-122.199227
75,38.776,-120.404
72,26.42,-121
67,35.77937,-120.19482
60,40.875667,-121.033667
60,38.260777,-121.135426
59,40.3929,-122.40546
55,34.23,-116.883
55,33.4115972,-117.2886249
55,40.0133,-122.552
54,34.0783472,-117.0487863
52,34.9522,-120.2903
50,34.15,-118.879444
50,39.43301,-123.36316
40,40.400196,-120.553075
40,37.24523,-121.20324
40,38.1029,-122.1578
38,38.5287,-122.3415
35,40,-41.46
35,39.7806004,-123.248214
30,39.081,-121.194
30,41.12362,-121.194256
30,39.33303,-121.18735
26,38.9361,-121.1548
25,32.682547,-116.51684
25,36.8727,-121.5681
25,33.21407,-116.73472
24,41.999341,-121.891226
23,39.0263,-123.303
22,38.831478,-122.53428
21,34.4828,-119.63216
21,33.986204,-117.43942
20,41.1513,-123.8292
19,38.519132,-122.181878
18,40.5953,-122.4397
16,40.1093,-123.774
0,38.598056,-119.751944
132127,36.45994,-121.89938
48019,35.6115,-118.45628
46344,35.70595,-120.98316
36274,34.30372,-117.49342
33867,41.851,-123.118
29322,35.7506,-118.5678
12518,34.63445,-120.54421
8110,34.28771,-117.27338
7609,32.60729,-116.63028
7474,34.776,-119.643
7050,36.09974,-120.51057
5731,38.52513,-122.06788
5646,38.96741,-120.9375
5646,38.96741,-120.9375
5443,37.75985,-118.95309
4824,34.31,-118.335
4474,37.10632,-121.85318
4347,35.984,-118.551
3929,38.89741,-122.60664
3876,36.38123,-121.20059
2944,36.0749,-120.452041
2860,41.623,-123.557
2652,41.2649,-120.3178
2575,40.3915,-120.7845
2520,36.01542,-121.25029
2304,34.701,-119.144
2241,37.01591,-119.50507
2100,36.94536,-119.25959
1785,35.20993,-118.72272
1547,38.80017,-122.82895
1246,37.07147,-121.20155
1245,33.393,-117.35093
1109,34.36763,-118.57245
1080,37.79635,-120.32484
850,39.6871,-121.571
710,41.7813,-122.611
650,37.97,-119.14
599,41.28486,-123.82268
554,34.913,-118.9082
550,39.6708,-121.7192
518,35.2013,-118.7212
464,40.0353,-122.56939
450,38.1874,-120.6381
441,40.36873,-122.72913
400,36.16965,-121.38775
395,36.1648,-118.73906
380,41.4657,-120.9066
372,38.385,-121.003611
360,40.30594,-122.1295
341,38.08056,-120.81394
310,38.02845,-120.61153
304,35.4976,-118.5097
300,39.188321,-121.78003
278,36.88286,-119.654
277,38.69971,-122.15457
248,39.92,-121.32
221,35.68313,-118.21793
215,34.75134,-120.55297
215,39.12366,-122.50373
211,37.74369,-121.58677
210,38.26874,-120.90265
188,36.92244,-119.39619
176,38.93449,-120.10744
169,38.8390117,-121.3090268
158,36.84479,-119.34487
156,34.276,-118.354
150,37.75972,-120.029626
150,33.6542,-117.5221
150,35.61961,-120.39993
147,37.62215,-121.36665
145,36.14161,-120.62048
139,33.476894,-117.140883
138,35.60748,-118.94811
132,36.78769,-119.38248
130,39.4403,-121.42647
123,37.0099,-119.5792
120,37.17072,-121.42238
114,37.41896,-121.79669
112,39.595,-121.6008
103,37.25601,-119.65776
100,40,-121.93923
100,35.24504,-118.60344
100,35.85093,-120.81081
100,32.9612,-116.7945
91,39.33035,-121.78973
88,39.79547,-121.71662
88,40.07846,-122.2071
88,38.86804,-121.37704
87,38.517772,-121.103642
86,35.70821,-120.82266
85,37.3228,-119.7738
85,37.927613,-120.528836
84,38.8866,-122.04726
83,36.49914,-121.04993
80,40.19611,-122.26736
80,39.7947,-121.857
78,36.92244,-119.39619
75,40.68192,-122.4096
70,36.6543,-119.5327
70,36.2833,-121.3306
70,33.41639,-117.08829
69,39.0863,-122.7891
65,38.40958,-122.43172
61,35.77135,-120.251
57,38.33475,-122.02564
57,37.98171,-120.64241
52,36.1934,-120.9293
50,39.7299,-123.5044
50,34.3183,-117.3189
50,38.79549,-121.00299
49,39.43351,-121.6051
47,39.20427,-121.05948
47,33.57872,-117.77395
45,38.5212,-120.8416
45,36.09974,-120.51057
45,34.27619,-118.63264
43,39.93965,-122.40142
40,38.558,-121.1309
40,38.01264,-122.1885
38,39.39051,-120.51887
38,37.24006,-119.4741
36,39.8748511,-123.4267011
36,38.68403,-122.26015
35,33.22558,-117.14547
35,40.61213,-122.47091
35,37.96311,-120.67335
33,38.22017,-120.8678
32,41.6314,-122.7933
32,37.81434,-120.69521
32,38.3131,-121.06452
30,39.8851,-121.6998
30,36.58972,-118.15589
30,36.80296,-121.40304
30,39.624017,-121.595093
30,37.2171,-121.08036
28,33.254355,-117.158475
28,33.00056,-116.9571
26,38.2581,-120.8657
26,41.96191,-122.59328
25,37.11831,-121.69784
25,37.06531,-121.68577
25,38.64107,-120.6955
25,35.8378273,-121.0381507
24,40.61388,-122.46777
23,40.4572,-124.05804
23,41.71847,-122.36924
21,40.9878,-123.77832
20,34.25858,-117.4415
20,39.1408865,-122.9148951
15,33.11645,-116.58542
10,36.217,-118.551
0,38.57554,-120.00606
0,35.01382,-119.58206
0,35.84883,-118.08591
0,34.6888731,-118.7892593
281893,34.41521,-119.09124
281893,34.41521,-119.09124
83733,40.07045,-120.14013
81826,37.61757,-120.21321
78698,41.841,-123.474
56556,38.4041,-122.5209
56556,38.4041,-122.5209
51624,38.39206,-122.24367
51624,38.39206,-122.24367
48889,35.93273,-120.20014
39715,42.039,-123.218
36807,38.60895,-122.62879
36807,38.60895,-122.62879
36556,36.15356,-118.74103
36523,39.24873,-123.16635
28687,35.0179,-120.3223
27276,41.59,-123.501
21846,40.76025,-123.10003
18900,36.27138,-118.48555
18618,40.69573,-119.93499
18430,34.55096,-119.9494
17357,38.76549,-122.90939
15619,34.31283,-118.35863
13417,40.2275,-123.03583
12407,37.44663,-119.64622
10343,36.12089,-120.37116
9989,39.32198,-121.4021
9217,33.87041,-117.70975
8925,38.655,-119.55425
8417,39.62496,-121.52966
8094,37.644,-119.618
7697,41.466,-120.321
7194,34.22957,-118.2674
7000,37.538,-119.598
6309,33.530045,-116.594422
6151,39.39455,-121.40613
6049,34.45283,-118.58188
6042,40.43962,-120.22215
6033,39.45352,-121.41222
5738,36.07228,-120.26561
5247,38.329,-119.782
4736,40.17598,-123.36882
4310,39.9034,-120.9761
4100,33.3237,-117.163
4016,39.57701,-121.30209
3874,33.97471,-117.09984
3142,41.853,-123.676
2940,35.77896,-118.89627
2662,33.8668,-117.68598
2575,39.75312,-120.75485
2312,36.05187,-120.05404
2295,36.257,-118.296
2289,36.0226,-118.94252
2269,38.49521,-122.0251
2207,39.01387,-122.64543
2056,32.65597,-116.80527
1816,35.86949,-120.57894
1816,35.86949,-120.57894
1800,36.96655,-120.89261
1749,38.12,-119.941
1660,38.14242,-122.47301
1649,35.95911,-120.55579
1626,35.59904,-119.08312
1598,35.4025,-120.4992
1538,36.269125,-120.620791
1522,35.53456,-118.66733
1503,34.2976,-116.826
1431,37.0825,-119.8011
1350,35.543,-118.654
1350,34.00566,-117.30693
1319,35.76,-118.406
1286,38.5181,-121.104
1200,35.38298,-118.80123
1088,33.402411,-117.402445
1083,34.94373,-119.44751
1044,33.98212,-117.30819
1035,37.21616,-119.48067
1020,39.75371,-120.1397
1000,33.34988,-117.39818
995,40.98352,-121.81623
976,36.530836,-120.206592
900,39.30125,-123.28825
867,39.1234,-121.32957
866,33.60247,-117.34192
859,39.888,-120.066
821,39.24549,-121.12792
800,34.55607,-118.60703
775,35.7908,-120.77485
760,34.37443,-118.49343
747,39.439722,-120.027222
690,37.905545,-120.408135
680,37.37397,-119.83556
670,34.14575,-117.17813
630,37.3762,-119.9646
562,41.85763,-121.29581
545,33.95036,-116.88066
530,41.11989,-120.74968
506,35.4605,-118.85896
486,33.3906,-117.32348
469,41.3975,-122.8428
460,35.40357,-120.28037
460,34.09773,-117.10567
450,36.616986,-120.369347
444,34.67403,-120.4393
429,37.14624,-120.015509
426,38.848,-120.287
422,34.09454,-118.48178
416,36.22265,-119.06598
410,41.72163,-121.30451
400,32.84796,-116.85396
400,36.45491,-120.2445
392,39.34292,-121.12004
391,37.18356,-122.07012
380,41.16716,-120.58342
370,38.46111,-119.48284
370,38.02929,-122.25544
357,36.27306,-120.65185
340,35.42433,-120.47322
339,36.45809,-118.87676
338,34.92907,-118.9267
325,34.08492,-117.03826
319,41.478,-123.506
300,33.59257,-117.14979
288,35.41283,-118.84466
260,34.16564,-117.33334
255,33.34659,-116.66107
245,35.12269,-120.39387
237,36.24653,-120.31598
236,38.538332,-121.039267
231,37.87808,-121.78677
225,37.4591,-119.921
225,35.34541,-120.76464
225,35.21177,-119.87525
206,35.59804,-118.47939
205,33.85323,-117.48195
200,39.44543,-122.85194
200,37.72543,-121.90516
200,32.65003,-116.42907
200,33.689092,-117.396404
194,40.02261,-121.91425
190,34.9465,-119.8036
186,39.9864,-120.89746
186,36.704679,-120.405077
184,35.3091,-118.701
183,35.19008,-118.76152
180,40.47106,-122.43608
170,34.41204,-117.03031
168,33.87679,-117.00258
168,39.71101,-120.02325
166,39.37192,-121.53865
157,40.80968,-120.48641
157,37.12759,-120.0193
155,37.63358,-121.49925
155,41.9808,-121.9741
153,33.98639,-117.21314
150,39.74679,-121.67261
150,35.7751,-120.23656
150,35.6871,-120.3187
150,36.90967,-119.79315
150,34.30104,-117.45646
148,40.46836,-123.51619
146,39.02482,-123.1362
143,40.07613,-121.56858
140,38.559707,-120.70013
136,38.5758,-120.915
135,34.792882,-118.851943
135,35.8556,-118.74542
134,39.69717,-121.75417
130,38.40234,-120.52953
130,32.6001,-116.76997
130,35.78286,-120.22647
128,40.69554,-122.0122
126,36.5355,-120.6585
125,37.62823,-120.30046
124,37.90014,-120.36005
122,34.009026,-117.239099
120,35.31886,-120.50886
120,33.88287,-116.99651
117,38.29113,-120.62177
116,37.7393,-121.85663
114,38.49336,-122.2483
111,36.93332,-119.43376
111,39.38416,-121.5786
105,35.3024,-120.65279
105,33.950382,-116.884446
103,39.76243,-121.74121
102,36.36113,-120.32685
101,37.39801,-121.8179
100,32.64962,-116.37345
100,38.46123,-122.58152
100,39.0199,-122.57487
100,38.43658,-121.97233
100,36.99092,-121.59899
100,36.09486,-120.52189
100,37.14653,-121.68165
100,34.19076,-117.26969
99,34.035344,-116.940661
92,33.57139,-116.8247
91,36.95104,-119.65621
91,39.52499,-121.64897
90,37.09773,-120.02027
87,39.15016,-122.576
86,34.34949,-119.30918
85,40.11794,-123.76099
85,34.20152,-117.14466
85,37.3344,-121.71752
82,35.86596,-120.64584
81,33.38613,-117.46709
80,38.869036,-119.61865
79,40.13278,-120.9204
79,35.89423,-119.00334
78,36.96607,-121.55552
78,40.38944,-122.13088
76,39.19325,-121.08406
76,36.8005,-119.35901
74,35.5956,-120.56068
74,38.7803,-120.97111
74,34.07612,-117.06765
73,35.78616,-120.96514
72,33.75526,-117.25075
70,35.4403,-120.2913
70,39.01224,-122.20127
70,37.25014,-121.68562
70,36.60736,-120.5828
69,36.7279,-119.28241
68,38.33707,-121.11113
67,40.03392,-120.1064
65,37.82934,-120.68992
63,33.81976,-117.18552
63,37.36914,-120.0088
62,33.20988,-116.46989
62,38.94599,-122.81135
62,37.64898,-120.4925
60,40.32063,-122.83208
59,36.18815,-118.78928
59,38.18303,-120.85322
58,36.7528,-119.2288
58,39.42604,-123.03344
58,36.64404,-118.99944
58,35.346,-120.62825
57,40.1583,-122.3209
57,36.81476,-119.51592
56,41.93006,-122.36545
55,38.4446,-122.0041
55,41.99483,-121.90077
55,34.03941,-118.58624
54,41.222,-122.292
54,41.222,-122.27499
54,37.33454,-121.76323
51,37.44485,-121.84108
50,35.21556,-118.56578
50,33.8826,-117.00589
50,34.22551,-118.05545
50,37.41591,-122.3001
50,35.70639,-118.47307
50,34.72379,-120.13249
50,39.06308,-121.303
50,34.20599,-118.98603
50,33.87739,-117.16215
50,33.23281,-117.29509
48,36.94652,-120.90462
48,33.58577,-116.07429
47,36.38109,-121.00391
47,35.06472,-120.5634
46,33.6444,-117.3968
46,34.149,-117.189
46,41.8721,-122.4571
45,33.9885,-117.38417
45,35.28738,-120.44448
45,40.48712,-121.85645
44,37.56181,-121.56425
43,39.81517,-122.28165
43,36.17297,-120.87609
42,35.96275,-121.08753
42,40.10282,-122.27379
42,41.38247,-120.53443
41,41.99279,-122.9401
41,34.10446,-118.70294
41,35.05076,-118.90004
40,33.96514,-117.4764
40,33.90327,-116.50151
40,34.13534,-117.4982
40,40.70627,-122.24199
40,35.59302,-118.46734
40,41.98128,-124.01168
40,41.02705,-123.63721
40,40.29831,-122.70449
40,38.86056,-122.62382
40,36.66684,-121.74826
39,37.896778,-120.504134
39,39.06522,-121.3519
39,38.07481,-122.23004
38,37.9775,-122.65749
38,37.85137,-120.45268
37,40.774,-122.309
36,37.65963,-120.34802
36,33.1683,-116.77342
35,33.74925,-117.10301
35,38.08055,-122.77846
35,33.99316,-117.48405
35,38.45822,-120.92162
35,35.37351,-118.84134
35,33.96419,-117.20507
34,34.21829,-117.40625
34,33.73547,-117.33364
34,40.03697,-123.64214
34,36.85596,-121.30983
33,33.763304,-117.314994
33,33.584036,-116.972036
33,35.60633,-118.4642
32,40.804,-123.375
32,40.79902,-123.39253
32,33.62613,-117.07975
32,35.90092,-120.93371
32,35.902149,-120.983684
31,36.5858,-121.80377
31,36.099681,-120.443545
31,35.60001,-118.4683
30,34.52055,-118.62882
30,40.27582,-123.64281
30,33.96896,-117.25411
29,38.77921,-120.46234
29,40.29118,-122.42606
28,39.8255,-121.7127
28,41.4844,-120.36659
28,41.93323,-124.19629
28,33.79925,-117.11659
27,41.64469,-120.31814
27,33.82165,-116.96079
26,39.03168,-121.40947
26,33.71025,-117.31924
26,33.94788,-116.59719
25,33.18716,-116.50897
25,35.76343,-121.04445
25,32.59252,-116.61609
25,40.71923,-122.02525
25,32.7789,-116.8516
25,37.02081,-119.95136
25,34.29931,-118.37539
25,32.679,-116.29296
23,33.50488,-117.02132
22,37.77982,-122.169
22,38.20176,-120.67848
22,38.68347,-122.2654
21,35.41112,-120.00353
21,39.01748,-122.49327
21,36.10858,-118.81979
21,39.364,-121.4143
21,36.35578,-120.99552
20,40.88516,-123.96844
20,38.51937,-123.24713
20,40.20077,-122.24731
20,37.65986,-120.31157
20,34.139,-117.199
20,39.13207,-123.10227
20,33.52584,-116.85226
20,37.86549,-122.2102
20,35.983,-119.91508
20,35.77082,-120.92482
19,33.88994,-116.91023
19,39.06414,-121.13737
19,33.797216,-117.124538
19,40.39799,-123.57562
19,37.81827,-120.65764
19,40.703775,-122.645079
19,35.71704,-118.30601
18,38.26294,-122.71998
18,39.53944,-121.54722
18,36.61332,-120.7109
18,36.1727,-120.86682
17,37.41231,-119.87465
17,40.92602,-121.5935
17,40.69259,-122.17384
17,35.556667,-120.474
17,36.2771,-120.94328
17,33.88466,-116.99229
16,35.188,-119.2877
16,34.04412,-116.55326
16,36.96642,-119.58292
15,39.87983,-122.5415
15,39.16826,-120.95498
15,41.45589,-120.56933
15,35.947,-120.87492
15,38.19906,-120.83484
15,33.56777,-116.08003
14,34.71796,-120.27077
14,34.605358,-120.414875
14,39.8629,-121.6268
14,35.80375,-120.52508
14,33.97155,-117.44148
13,37.89532,-120.84748
13,38.69775,-120.73757
13,38.67474,-121.06088
13,34.304722,-117.3125
12,39.44257,-121.60683
12,35.6879,-120.3317
12,33.7866,-117.5048
12,37.21812,-121.07761
11,38.70289,-122.90217
11,33.913089,-117.096233
10,40.24789,-122.255
10,37.76888,-120.15846
10,37.10067,-119.32109
10,38.34421,-120.72274
10,34.23925,-117.85182
10,39.36902,-120.97586
10,40.48972,-122.38619
10,33.77896,-117.24091
10,39.50475,-121.33785
10,33.91806,-116.99321
10,39.08382,-121.06656
10,33.90965,-116.9669
10,35.564124,-118.796513
10,33.87107,-116.88097
10,39.23205,-121.376
10,34.87128,-118.35296
10,33.94673,-117.17773
10,36.44141,-121.34695
0,38.36685,-122.64001
0,38.31802,-122.39052
0,37.73596,-119.78256
0,41.702,-123.508
0,41.338,-120.304
0,39.75425,-122.17657
0,40.6361,-120.9643
0,41.86609,-122.73031
0,33.43513,-117.58252
0,41.841,-123.474
0,36.51912,-119.50606
0,35.85253,-120.80411
0,39.51158,-121.55633
410203,39.243283,-123.103367
410203,39.243283,-123.103367
410203,39.243283,-123.103367
410203,39.243283,-123.103367
229651,40.65428,-122.62357
229651,40.65428,-122.62357
153336,39.8134,-121.4347
96949,34.235,-118.70128
96949,34.235,-118.70128
96901,37.6549,-119.88581
90288,38.80583,-122.18183
90288,38.80583,-122.18183
63311,40.9425,-122.43
63311,40.9425,-122.43
48920,39.04786,-123.11971
48920,39.04786,-123.11971
48920,39.04786,-123.11971
46150,40.896,-122.219
39387,41.38544,-121.04386
38008,41.893332,-122.534655
36450,38.349,-119.929
23136,33.69888,-117.52055
18703,40.633536,-120.868091
15185,39.0674,-122.59848
12300,38.052055,-120.945482
6974,38.347395,-119.45186
4564,37.39339,-120.34207
4531,34.22685,-118.93444
4064,37.571,-119.118
3889,40.22027778,-122.18
3716,40.35068,-121.77867
3674,41.07944,-123.688056
3380,34.48229,-118.60858
2995,35.97896,-119.98329
2956,39.94355,-122.3571
2950,35.37444,-118.83556
2883,36.6734,-118.21881
2490,38.69601,-122.44468
2290,39.64978,-122.58218
2225,35.847778,-120.343056
2162,38.431278,-122.043747
2100,41.29363,-120.11461
2070,37.40208,-118.50235
1900,40.99344,-121.52225
1756,36.85156,-120.77206
1751,40.616251,-123.52019
1678,40.50318,-122.42308
1500,38.21396,-121.9424
1500,35.73629,-120.75593
1352,34.5486,-118.31138
1350,34.095568,-116.958806
1314,36.40755,-120.99322
1265,36.71537,-118.08449
1261,33.62924,-117.05992
1200,39.186144,-121.792885
1120,39.268611,-120.658333
1014,35.11416667,-120.0922222
993,35.387408,-118.817934
972,39.82877,-123.08489
962,39.77124,-121.76859
856,40.33682,-121.93908
825,38.42623,-120.95408
822,38.59694444,-121.9938889
700,38.82426,-121.451307
668,35.79012,-118.7393
650,36.00912,-120.82226
646,40.3768,-120.36403
640,37.75646,-121.60646
573,37.83388,-120.61746
550,39.36529,-121.51707
513,36.378333,-120.901167
504,32.833674,-116.7311
484,37.75375,-121.57918
441,40.316137,-120.45053
400,36.35502,-121.1563
375,35.95515,-120.86256
367,35.51777778,-118.6525
365,33.07892,-116.91845
360,37.38789,-119.68912
347,39.59872,-121.78208
338,37.735461,-118.970443
328,40.52909,-122.17457
320,37.449425,-121.88807
316,38.539806,-121.059979
300,40.60402,-122.9144
300,37.10181,-119.623981
300,33.389425,-117.502405
290,38.061298,-120.872244
289,37.197039,-120.002619
282,33.836101,-117.607577
278,36.65351,-121.0454
268,37.94714,-121.9921
268,40.18395,-122.27574
265,32.63046,-116.46674
261,40.34256,-121.43025
260,35.33916,-120.71488
258,34.0232,-119.76576
250,33.076239,-116.902985
247,37.89612,-121.85847
224,41.70877,-122.47293
215,41.085,-123.051
215,36.37532,-120.862579
207,33.41476,-117.24044
205,33.571763,-116.500058
200,34.91482,-118.92485
200,37.33924,-120.24315
191,39.491737,-121.637759
186,34.26734825,-118.6438159
185,37.05876,-121.176354
175,37.97638,-122.5275
175,33.55132,-117.72044
172,34.576944,-119.61416
170,40.12791,-122.19792
167,36.18401,-120.69955
167,40.34822,-120.82497
166,34.2325,-117.846111
163,37.80785,-120.30187
160,38.45673,-121.94658
155,40.36888889,-122.8905556
155,33.787838,-117.746625
154,33.925862,-117.654299
152,38.02447,-122.727
150,34.30166667,-119.0991667
150,35.97677,-121.24898
150,38.94388,-120.92611
147,34.18075,-117.43184
136,38.08424,-120.46078
135,38.51943,-122.18353
128,34.38039,-118.60441
127,39.46543,-122.65582
127,41.65935,-122.48556
125,34.15475,-117.244366
120,36.47766,-119.10433
117,39.996944,-121.27
116,36.59036,-120.82355
116,37.06367,-121.53586
115,37.707234,-120.199162
114,35.56888889,-118.8013889
113,34.463889,-119.831389
110,34.62412,-120.22298
108,36.75581,-119.42172
106,38.8802,-123.0496
103,39.02017,-122.57496
103,40.31759,-122.21032
100,33.0971179,-117.0242529
100,36.21634,-118.82989
100,34.22526,-117.40967
100,35.56922,-120.12441
96,35.9352,-121.11936
95,35.1234,-118.72905
90,39.038859,-123.38493
89,40.94666,-121.27049
88,40.83116,-120.19336
88,37.179167,-119.431667
88,37.056944,-121.01638
80,39.06715,-122.59789
80,37.95766,-120.68902
77,34.54305556,-120.3180556
76,40.5939,-122.17173
76,36.696879,-119.304499
75,39.2976,-122.512012
75,39.65578,-122.58666
73,33.67815,-117.32281
70,37.22545,-121.79189
70,37.66074,-121.67144
70,40.394073,-122.135924
70,33.504964,-117.148204
68,37.08529,-121.09354
67,38.645,-120.874167
67,39.279833,-123.258319
66,38.82128,-121.03918
64,36.64832,-121.03253
63,37.1769444,-121.6869444
63,40.741186,-122.649626
63,33.56349,-116.732032
63,41.83359,-122.99272
63,37.32744,-121.10903
62,34.86022,-118.87881
62,34.53765,-118.75495
62,38.24033,-121.09199
60,40.346652,-122.308479
60,38.8275,-122.3625
60,37.14663,-119.91223
60,35.58354,-120.624135
60,35.663607,-120.670311
60,34.74245,-120.18236
59,33.35505,-117.03134
58,35.17693,-120.48861
56,40.95234,-121.21597
56,37.79718,-121.85311
56,37.0979,-119.75307
53,34.24138,-117.42431
53,40.33642,-120.93005
53,37.47677,-119.84299
52,41.50105,-120.61108
51,35.30151,-120.64398
51,40.824,-121.90215
51,37.163594,-121.702547
50,38.91152,-122.86854
50,40.27754,-122.11375
50,35.96689,-121.28185
48,37.69926,-122.02805
45,37.86339,-122.12351
45,38.07135,-122.76751
43,39.57202,-121.43131
40,33.56921,-116.154398
40,37.28365,-119.97546
40,37.779209,-121.908976
40,39.549167,-121.521111
39,36.796,-121.40604
38,40.60866,-122.38366
38,32.78031,-117.06782
37,35.64917,-120.71907
37,41.58233,-122.33769
36,38.981389,-122.97222
36,33.640051,-117.085354
35,39.62194,-123.28774
35,33.759722,-117.460278
35,40.95673,-121.6002
35,36.83036,-121.36446
34,35.17156,-118.51651
34,37.71173,-121.55604
34,36.42638,-118.70443
33,39.84151,-121.62168
33,40.00293,-122.44008
33,34.17711,-117.15381
32,36.938674,-119.3127769
32,33.97902,-117.20534
32,41.08583,-121.05722
32,38.886518,-122.476381
31,40.62693,-122.23449
30,37.33563,-121.75815
30,37.99618,-122.14097
30,37.533026,-121.79733
30,33.85852,-117.43521
30,35.68539,-120.95157
30,38.595865,-121.17693
30,35.92436,-119.94083
28,32.557566,-116.8663
27,41.791859,-122.513883
26,35.826333,-118.9821
25,33.80406,-116.93188
25,38.015323,-121.998967
25,35.71859,-120.64028
24,38.91842,-122.85276
23,33.946896,-117.066643
23,37.99113,-121.86473
23,40.201826,-122.29388
22,37.69965,-120.0545
21,33.86439,-117.48144
20,37.81111,-121.7944
20,37.61158,-121.94182
20,37.07793,-121.600023
20,37.627119,-121.806775
20,33.524412,-116.821724
20,39.602703,-121.617698
20,34.110516,-118.427886
20,39.89075,-120.18499
18,33.40178,-117.27467
18,33.88744,-117.16232
17,37.0125,-122.046
17,38.265645,-120.892404
17,33.742,-117.28189
16,39.10494,-121.07039
16,41.34453,-123.85404
16,37.21803,-121.76828
15,41.94046,-122.43933
15,41.52123,-120.72362
15,33.467999,-117.003829
15,33.711263,-116.164058
14,33.05737,-116.77154
14,35.70086,-120.97339
14,39.99309,-120.02137
14,38.64953,-122.01762
13,40.678889,-122.400556
13,33.04898,-116.78928
13,36.10499,-120.55324
12,40.49618,-122.51597
12,38.7448,-120.65672
12,34.171786,-117.35606
12,37.22791,-119.50461
12,37.97638,-122.5275
12,33.40769,-117.22974
12,41.64805,-122.98442
12,35.75737,-120.91793
12,38.16303,-122.23059
12,37.73835,-121.6039
12,33.12213,-116.58759
11,39.66492,-121.51772
11,37.19817,-119.80414
11,33.47413,-117.31468
11,40.4635,-121.77419
10,37.12857,-122.12036
10,40.888785,-124.001849
10,39.93427,-121.54103
10,33.627006,-117.171731
10,38.27229,-122.26389
10,41.632373,-122.37985
10,32.619855,-116.764733
10,39.6139,-121.954098
10,35.05747,-120.39295
10,35.77017,-120.57833
10,38.245151,-122.44408
10,32.75072,-116.92404
10,39.80827,-122.3307
10,33.45014,-117.22215
10,33.53924,-116.10231
0,39.71217,-121.77385
0,40.70258,-123.55012
1806,34.282179,-118.803389
1300,37.536069,-120.177018
1011,33.9925,-117.059167
605,40.00171,-122.25421
494,34.01778,-117.4625
355,38.838992,-121.325842
289,35.79069,-120.73102
289,35.79069,-120.73102
149,37.241427,-120.027731
137,36.319291,-120.460189
107,40.900458,-121.320838
75,33.8615,-116.897333
40,37.828267,-122.103867
37,33.259861,-117.027333
35,37.62782,-121.68598
35,37.420988,-121.371276
30,40.463936,-122.435492
27,38.115224,-120.78068
26,34.202883,-116.4449
25,32.794768,-116.839743
22,38.538467,-120.965105
22,37.093243,-121.586846
15,38.045866,-122.245186
12,33.463991,-116.914799
10,39.613783,-123.458782
10,37.178353,-122.07743
77758,38.792458,-122.780053
54612,40.061389,-120.680556
14217,41.79591,-121.260305
10296,37.034,-118.345
9999,34.302212,-118.997115
8838,40.12,-122.64
8799,34.32988,-118.48161
5737,41.748,-121.056
5563,37.604638,-119.96606
5332,40.109,-122.789
4840,37.826,-118.872
4615,34.472778,-118.368056
3435,38.724,-120.145
3380,40.593,-120.581
3126,34.5025,-119.785
2546,36.28426,-120.94771
2534,40.036379,-122.637837
2512,38.88978,-122.23922
2500,35.72057,-119.62762
2438,39.892222,-120.029722
2422,37.46577,-121.28312
1975,36.284,-118.228
1926,33.528469,-117.273157
1872,41.862237,-122.662258
1764,35.66318,-120.41128
1507,32.573437,-116.658735
1350,39.28926,-121.85906
1301,42.033,-122.175
1165,39.631945,-119.769881
1127,35.343761,-119.913717
1020,40.943799,-120.275298
974,35.63111111,-120.2691667
835,35.30759,-119.96498
757,37.908362,-121.872941
756,36.40193,-119.030621
745,34.098191,-118.478717
703,39.22431,-123.12887
604,38.751648,-121.432636
600,40.715556,-122.241944
600,37.25988,-121.09375
526,38.165873,-122.211671
525,33.919507,-117.103765
520,33.4853,-117.043723
496,39.45296,-121.412619
448,32.575556,-117.026667
448,35.60989,-118.41204
423,37.532028,-120.208019
420,34.484722,-120.190833
381,36.151,-118.185
350,33.975405,-117.207068
328,33.985972,-117.414111
316,35.908333,-120.984167
300,39.622137,-121.693472
283,37.63206,-121.538382
280,41.150392,-122.634108
280,36.008889,-121.466944
279,34.71011,-119.3547
263,40.679318,-120.392768
260,44.734,-120.606
257,36.18479,-118.99229
250,33.9369,-117.3063
244,40.062304,-123.222196
244,37.524378,-120.296551
240,37.708743,-121.841879
227,41.4929742,-123.2129356
225,39.005262,-123.195306
220,35.214364,-120.455883
214,33.911,-116.980528
213,37.016944,-119.934167
210,37.312877,-120.242411
210,37.21638,-121.70768
208,34.9008333,-118.9183333
207,39.28926,-121.85906
202,37.944751,-120.84372
200,34.183,-117.285
200,37.99136,-121.64118
200,34.23955,-119.20187
200,32.787656,-116.806941
200,34.630919,-120.187368
193,40.072739,-120.158273
190,37.32585,-121.110146
190,35.95191,-120.8092
183,38.158333,-122.118889
172,35.03855,-119.19454
167,33.635,-116.801111
167,36.600167,-120.8405
161,35.81778,-120.09715
156,40.484329,-122.159393
156,34.677864,-118.752395
156,33.997528,-117.769766
155,36.28001,-119.10974
150,38.03545,-122.2241
150,32.767649,-116.796032
148,38.73817,-121.39419
145,34.183624,-117.274276
144,37.45899,-121.22093
140,38.07205,-122.22463
139,37.71734,-121.55867
131,40.562,-120.544
131,34.366111,-118.96
130,40.886677,-120.336977
130,39.831762,-123.846013
130,33.650237,-116.172534
128,37.467744,-121.842751
128,41.909,-120.306
121,36.66909,-119.3046
120,33.39684,-117.29665
120,35.57376,-120.11738
115,35.65189,-118.92545
105,34.675542,-118.342239
103,41.43783,-120.23976
100,34.665699,-119.94974
100,32.566389,-116.7525
98,33.900994,-117.170588
97,33.055124,-116.742508
96,33.8128372,-117.1228851
95,35.004722,-120.435278
94,33.740219,-117.333728
91,34.156389,-118.950833
91,41.749667,-123.000833
90,37.962557,-121.468074
90,40.41404,-122.66779
85,38.898915,-120.946657
84,38.3525,-121.123611
83,37.838333,-120.625556
83,41.834366,-122.656569
81,38.455,-121.969167
81,34.42386,-117.10318
81,33.514658,-116.7884
80,39.551423,-121.800538
80,33.77777348,-117.487578
80,32.57394,-116.760465
80,37.433192,-121.807258
80,33.56938,-116.07896
80,39.24678,-121.32399
80,39.24678,-121.32399
75,39.100408,-122.496548
74,37.18904,-121.694968
70,39.15641,-121.56363
68,39.847708,-122.1604
67,37.896231,-122.636471
67,38.20177,-120.827386
66,35.906482,-120.992914
65,39.11536,-120.76088
64,38.481258,-122.143942
63,41.70611111,-123.4375
63,39.98097,-122.30737
62,37.166674,-122.361112
60,37.219717,-121.761974
58,39.470333,-121.412333
58,37.968494,-121.678172
55,40.387772,-120.304341
55,33.57039,-116.1466
53,38.955024,-122.833831
52,35.189783,-120.1755
52,32.87833333,-116.88
50,32.564583,-116.834583
50,37.97911,-122.11092
50,38.622058,-121.114095
50,38.63047,-122.47282
50,39.85484,-121.905
47,37.32555556,-121.7644444
47,35.89593,-118.94106
46,40.46968,-122.54364
46,39.97083,-122.48277
45,33.69078,-114.57265
44,38.017138,-120.945044
43,35.97059,-120.88241
42,34.055768,-118.554091
42,40.4988,-122.19911
38,39.06066,-121.35014
35,37.034183,-121.45597
35,38.652475,-120.826165
35,41.838,-122.845
35,37.44422,-121.84082
34,33.854597,-117.270144
34,33.4506,-116.857817
33,39.171091,-121.423281
33,36.23012,-118.85712
30,35.709176,-120.312856
30,38.07944444,-122.2561111
30,40.55924,-122.25409
30,40.41741,-122.767256
30,37.75427,-121.57382
30,40.61805556,-123.6755556
29,37.066483,-121.219163
29,35.287373,-118.623651
28,38.910498,-122.642572
28,32.62305556,-116.9141667
27,38.75263,-121.39259
26,33.81678,-117.18194
25,38.88913,-122.604425
25,36.154184,-120.634179
25,32.557546,-116.873955
25,32.557546,-116.873955
25,37.469,-121.3697
25,36.14246,-118.80582
24,37.99837,-122.16201
24,38.21416,-122.12214
23,38.02503,-121.9763
22,32.557566,-116.8663
21,37.949747,-120.420058
20,39.088333,-122.309167
20,33.909792,-117.004667
20,38.99174,-122.7751
20,33.69055556,-116.953889
20,33.80493,-117.15738
19,33.849906,-117.461363
19,33.703546,-117.033598
19,37.718636,-121.657011
18,37.429506,-121.336465
17,36.732866,-121.39478
17,37.494136,-121.534827
17,39.76242,-121.73659
17,41.64895,-122.35962
16,40.612556,-122.039167
16,38.703889,-120.890556
15,41.512917,-122.740333
15,34.353667,-117.343833
15,33.30267,-116.97772
13,38.757636,-120.75664
12,37.606,-121.853
12,39.32889,-121.23431
11,34.033117,-117.21545
11,40.314187,-122.070055
11,37.492002,-120.401028
11,37.545167,-121.596667
10,32.762706,-117.097441
10,39.847708,-122.160416
10,38.332083,-120.67131
10,33.496633,-116.631106
10,39.423833,-121.579738
10,41.94622,-122.40157
10,39.83958,-121.957
9,33.827979,-117.499619
2,39.40972222,-121.0005556
0,38.734634,-121.729691
0,33.351145,-117.403719
0,33.45148,-116.05898